userId,movieId
114,965
985,159
287,480
588,223
16,40
137,903
617,490
744,192
301,557
44,108
900,754
856,451
881,454
676,610
345,933
955,639
848,562
169,193
533,170
475,957
466,98
176,956
734,864
773,875
357,567
385,697
666,994
804,359
108,534
278,832
804,977
878,83
84,497
55,55
321,551
659,131
82,87
641,801
578,900
716,17
681,800
252,778
547,258
972,854
757,809
84,999
892,642
152,488
220,93
871,236
809,718
554,805
908,254
615,579
353,2
781,208
817,261
151,4
724,100
535,826
524,201
297,511
467,659
239,439
934,152
581,484
28,480
208,962
245,447
869,292
643,393
500,755
28,875
182,631
491,148
763,120
557,44
711,607
421,43
338,248
15,176
644,200
421,296
179,336
52,188
758,277
230,243
183,131
700,542
482,591
477,608
947,786
388,461
927,984
768,600
541,201
108,621
276,466
749,299
334,731
696,845
578,303
389,485
889,314
861,580
907,878
561,746
770,407
229,857
812,959
369,195
568,452
646,557
169,608
966,716
381,400
208,750
895,632
29,643
397,902
571,613
122,187
692,662
640,362
850,869
237,892
487,374
362,500
277,125
656,832
316,281
347,144
199,506
670,810
851,138
377,585
460,909
388,756
72,380
759,984
916,807
758,97
478,489
912,833
388,394
355,904
986,565
586,290
265,978
988,185
991,830
510,712
491,652
431,578
986,606
427,896
365,672
915,509
522,250
665,710
594,837
421,456
782,473
598,895
322,97
490,94
391,574
992,86
296,45
605,826
57,334
847,782
966,458
538,314
649,76
767,14
312,278
591,154
408,54
929,17
53,536
256,888
115,333
505,791
680,829
212,477
645,838
652,260
990,639
489,324
935,284
245,245
330,475
782,112
982,837
677,242
115,587
773,520
78,958
666,633
953,746
633,820
864,290
369,473
625,331
164,769
564,605
82,768
291,10
558,640
551,392
809,842
151,970
361,57
65,132
182,31
972,855
370,188
651,424
381,40
105,308
486,650
673,907
677,510
504,5
228,67
399,26
82,561
937,791
668,893
928,311
408,493
149,132
797,708
235,894
117,866
628,518
534,242
905,158
169,244
293,851
553,59
903,114
632,946
773,809
250,860
756,488
111,794
899,993
501,540
110,968
275,610
888,362
439,880
492,839
656,779
621,424
599,77
758,348
589,35
499,851
935,425
643,256
110,139
407,739
343,911
656,628
133,325
576,942
171,541
674,751
453,933
152,471
238,332
888,34
35,550
403,466
40,259
32,849
967,631
251,299
473,752
496,744
122,993
290,274
501,815
177,48
360,748
397,1
272,172
18,778
251,372
704,792
508,190
587,874
292,726
975,540
289,375
277,701
437,408
348,244
41,614
533,219
373,355
106,292
861,31
576,794
612,473
48,101
48,704
236,932
406,415
982,774
840,637
758,984
470,696
563,864
823,773
736,636
839,484
418,152
84,294
12,261
150,180
927,816
327,176
653,733
172,415
838,626
632,758
379,735
597,121
821,165
467,712
970,839
737,411
261,564
285,83
848,111
403,720
624,659
710,941
657,294
43,830
692,408
934,110
4,80
104,682
555,962
473,846
793,438
209,88
79,915
914,88
448,88
567,727
222,911
134,720
25,655
464,527
122,637
19,562
904,626
407,181
459,602
528,885
638,556
926,186
449,622
862,742
380,954
381,604
841,207
887,93
946,383
657,899
498,945
724,156
418,647
183,452
508,733
629,846
559,681
89,666
984,948
270,403
793,722
147,168
255,415
721,697
739,314
235,75
945,629
387,692
832,769
767,802
438,410
233,647
324,535
44,159
117,221
108,997
112,253
106,776
798,555
901,2
925,486
712,194
497,553
900,929
293,396
833,214
180,468
965,382
488,500
843,719
370,561
579,518
205,237
963,691
523,610
893,277
868,764
876,951
697,39
149,771
635,115
865,720
387,894
816,644
288,723
288,298
711,182
631,363
907,194
988,260
590,208
406,682
502,556
346,415
591,13
684,448
350,72
84,255
695,858
131,311
421,318
403,799
322,595
565,685
133,513
44,503
50,889
181,426
708,182
217,830
547,400
52,274
38,839
947,639
98,376
667,48
62,677
838,271
805,606
360,907
991,660
282,78
968,181
397,461
891,658
546,513
640,301
763,20
266,129
760,483
647,926
587,756
845,996
440,373
50,909
621,102
822,310
838,887
117,973
306,857
441,486
747,439
829,154
408,761
913,818
5,676
845,877
259,65
72,526
233,972
740,24
411,982
36,444
690,330
462,876
902,292
822,903
41,161
178,147
926,690
588,678
460,231
904,945
256,945
50,773
814,591
740,333
116,417
75,765
403,385
464,78
299,37
916,712
853,942
835,97
886,924
599,542
384,62
563,179
77,91
187,744
279,688
61,310
552,489
786,623
86,412
744,541
226,510
379,423
315,191
92,314
109,952
886,890
992,198
949,54
854,895
687,311
197,719
798,610
975,605
160,363
155,212
11,473
179,57
316,874
683,140
863,885
999,873
634,326
801,171
318,354
539,732
769,191
724,433
343,506
711,768
447,710
31,728
158,897
941,412
710,934
881,75
371,713
32,802
311,323
84,472
808,804
286,805
824,423
443,820
749,746
714,809
162,914
692,152
854,271
715,737
384,389
461,384
472,464
360,55
158,922
121,19
421,238
959,643
424,225
903,735
453,121
663,963
220,72
912,456
20,879
947,40
608,347
88,419
342,902
333,359
62,387
661,826
624,694
387,924
955,48
728,628
367,979
283,262
725,497
164,399
551,904
34,279
975,81
411,74
149,539
300,522
892,543
673,66
460,837
338,525
684,987
500,971
151,318
672,629
63,825
694,845
737,933
808,157
352,382
851,543
283,312
774,416
748,206
736,823
305,217
802,888
158,638
714,563
404,62
128,656
408,781
11,324
844,455
784,958
735,516
713,77
986,795
242,372
213,84
223,944
582,849
323,845
23,806
686,99
218,244
753,290
254,195
135,501
301,450
571,293
422,778
87,789
504,724
901,363
395,342
350,319
839,183
73,559
458,165
300,38
768,684
739,491
762,423
823,791
660,741
70,763
512,930
522,804
761,534
341,298
904,323
703,875
893,433
451,70
121,575
42,135
149,532
524,737
38,596
26,80
900,110
703,654
272,587
807,908
660,269
798,924
824,2
134,444
981,863
597,329
972,753
669,84
698,935
613,979
405,785
765,164
507,260
398,793
619,48
603,306
626,542
409,851
777,118
311,147
398,79
755,175
998,697
108,147
441,618
956,336
973,827
502,875
504,633
416,563
604,340
825,932
260,291
702,429
343,818
307,579
623,466
581,325
29,590
166,809
152,250
352,1
92,266
332,799
39,534
346,143
701,748
543,57
254,822
915,707
994,678
804,622
311,376
712,507
245,177
845,914
467,607
410,353
988,823
840,993
958,903
390,809
471,163
877,875
923,523
70,206
675,458
815,473
446,729
689,716
553,825
553,862
688,432
676,94
337,189
69,431
982,921
748,90
288,994
150,147
498,837
583,722
106,639
239,8
791,936
906,258
134,123
439,133
350,527
121,39
487,783
538,733
454,639
224,753
710,724
185,451
579,542
217,716
241,830
756,49
193,667
302,400
282,810
296,858
481,615
740,761
873,111
660,715
298,849
267,466
414,485
298,67
751,455
679,592
906,723
891,519
771,72
846,819
480,137
451,643
342,365
271,94
983,424
578,467
882,502
417,392
562,289
634,707
369,235
648,827
131,704
952,758
724,220
989,801
265,840
234,160
398,624
123,49
214,203
83,327
876,211
709,403
305,499
956,482
437,138
450,245
488,624
512,638
412,512
370,762
434,777
202,41
267,256
994,938
165,584
493,166
151,321
950,920
994,549
453,224
264,507
363,126
390,989
672,774
112,485
636,701
832,320
893,99
8,668
136,48
505,17
316,852
645,283
93,167
673,592
643,863
59,145
498,926
413,76
651,277
584,219
826,680
947,792
333,830
427,851
911,326
413,405
719,246
191,510
481,106
896,504
100,520
841,773
642,686
822,966
686,931
16,858
463,285
191,636
904,852
949,262
739,822
680,316
450,654
426,252
735,902
595,544
381,80
119,306
838,174
150,647
8,461
165,979
310,554
941,434
54,555
605,628
156,633
764,278
839,524
322,987
260,570
230,783
336,471
477,383
166,885
797,730
702,302
254,278
657,700
6,895
712,991
197,180
297,966
388,747
316,840
466,313
851,162
387,437
231,381
642,838
77,558
268,169
757,875
925,854
378,486
621,139
518,427
275,268
372,49
485,369
83,729
66,325
419,483
878,540
915,816
47,275
57,168
818,154
722,28
423,421
41,533
368,830
219,326
795,424
887,118
65,181
895,273
755,348
491,942
750,273
996,385
939,562
439,346
81,350
608,120
546,344
626,64
328,549
360,236
106,92
688,454
653,796
751,865
379,784
412,470
662,780
277,149
425,655
593,806
390,873
245,445
815,766
572,720
554,831
944,205
987,254
836,658
585,542
732,142
810,573
966,297
937,138
458,766
67,477
638,672
956,553
845,233
846,242
638,886
224,31
311,547
839,207
482,407
943,619
564,883
923,450
996,817
906,948
508,677
308,806
653,77
193,271
249,434
408,602
811,342
904,845
918,779
261,419
457,729
655,50
822,447
913,755
748,505
557,28
327,898
734,960
578,418
378,234
354,567
958,48
998,341
808,221
979,77
532,216
556,487
491,778
21,257
983,205
163,437
523,743
876,380
275,912
607,943
267,499
401,27
64,889
771,607
51,481
638,691
776,670
972,340
472,839
407,956
938,320
434,172
70,916
44,214
172,617
65,895
614,35
810,33
815,528
422,602
7,414
206,502
567,471
661,852
771,535
908,435
505,651
4,946
64,229
956,148
844,556
434,433
415,743
77,740
860,939
525,943
417,805
948,523
114,932
604,598
255,192
443,636
709,629
390,962
31,864
968,586
572,274
757,451
980,772
86,824
394,920
991,832
10,965
18,700
703,480
832,132
624,357
893,651
113,798
724,786
353,114
709,995
970,939
371,142
47,497
543,341
845,780
204,334
200,610
626,743
610,689
259,550
32,835
961,214
380,106
338,181
48,300
470,279
211,996
861,71
594,875
653,206
936,490
287,843
153,558
450,502
171,980
175,663
855,158
963,134
977,157
761,940
159,362
293,545
309,924
123,204
749,555
149,734
36,53
613,541
548,118
60,822
656,835
9,67
124,807
423,52
32,726
93,436
113,712
47,574
197,741
533,228
435,245
753,616
831,440
626,802
544,422
586,859
96,939
284,323
352,225
420,502
501,70
172,22
461,712
620,324
5,39
344,806
584,831
386,410
82,393
236,684
180,621
507,610
140,234
340,174
427,723
222,971
321,31
727,364
73,731
155,118
819,302
796,505
77,779
274,264
553,874
241,958
989,736
321,879
563,562
881,226
372,446
896,282
816,372
485,552
104,21
337,351
237,117
864,877
824,1
532,361
959,75
620,553
482,263
981,585
710,847
801,510
849,928
745,372
406,514
689,704
294,721
160,532
536,890
720,871
871,443
55,561
30,519
267,297
826,342
799,552
391,899
842,256
219,826
501,309
371,491
471,310
312,827
67,237
914,88
16,592
542,109
713,266
792,239
480,329
661,448
546,64
714,136
313,394
879,904
312,710
388,411
499,379
972,744
249,202
452,29
383,737
325,207
10,281
185,576
463,980
345,171
648,923
945,406
595,175
513,673
358,9
776,306
204,131
609,333
293,47
990,278
877,631
65,808
739,507
126,32
208,302
441,331
364,216
762,576
434,566
148,73
688,779
670,373
961,18
3,878
671,851
282,415
990,67
294,16
858,136
667,88
49,481
464,55
568,444
942,987
368,33
899,727
899,916
589,98
960,691
847,720
503,247
361,357
20,25
341,296
922,745
718,298
898,60
24,207
314,614
805,517
76,16
509,637
952,555
516,73
477,195
56,166
289,947
585,801
120,106
35,542
102,645
64,623
315,600
829,839
892,382
783,345
886,329
643,487
738,723
404,465
509,268
819,726
689,551
8,951
474,222
86,208
579,262
414,431
951,886
322,351
725,677
181,94
412,710
280,959
303,97
63,396
702,570
33,834
826,338
933,764
592,877
364,669
296,575
766,623
915,212
536,851
401,53
739,831
86,724
313,979
270,48
647,377
159,689
505,8
229,580
605,612
953,557
759,848
313,511
798,837
943,656
44,91
560,212
995,648
831,201
747,101
24,953
493,543
230,986
510,606
69,758
393,334
607,924
898,843
293,890
518,574
925,476
36,614
4,556
816,947
694,857
176,28
833,503
587,999
64,215
617,326
1,192
767,185
262,709
483,636
313,152
354,940
682,172
176,548
917,879
539,673
170,562
911,212
581,365
501,104
336,898
779,77
273,192
573,733
708,850
351,294
73,179
633,542
502,236
346,660
327,39
82,184
676,944
156,438
280,555
603,897
208,379
300,415
373,276
667,490
599,443
840,66
528,244
600,990
929,369
710,345
19,840
777,297
816,594
401,329
35,134
452,152
246,453
85,693
879,217
169,225
568,855
61,883
198,15
656,432
343,165
509,911
845,258
878,367
602,3
599,778
875,338
454,464
990,687
819,74
158,907
111,712
200,485
776,163
779,893
98,800
937,968
985,870
625,541
307,988
575,718
91,876
618,390
349,230
401,596
893,511
195,582
273,436
54,797
710,360
482,714
587,709
904,799
841,907
352,584
839,449
380,831
498,440
815,234
93,810
135,546
761,183
999,586
604,355
695,549
815,828
830,947
505,860
130,381
971,819
549,442
877,817
757,443
131,364
83,833
620,820
703,900
224,935
953,404
709,318
194,485
211,803
768,11
619,432
325,637
309,434
263,274
261,693
669,943
425,556
455,240
272,862
928,995
125,930
722,570
907,725
672,653
624,63
230,73
48,745
824,698
38,445
523,186
556,428
639,530
266,9
978,152
862,954
213,349
875,773
885,689
709,755
730,583
761,609
650,197
463,595
895,680
732,756
201,826
338,742
438,697
290,192
303,898
747,519
790,670
850,881
198,274
859,134
988,283
715,940
424,947
777,441
67,670
114,298
420,106
752,386
10,132
335,188
398,517
451,832
836,242
819,979
347,581
397,620
820,597
767,918
111,398
317,490
919,848
124,633
783,448
99,684
918,464
870,65
939,670
736,471
831,883
103,182
128,798
94,485
272,493
478,822
338,833
274,612
814,844
269,549
392,817
48,388
143,134
61,882
711,332
681,149
861,296
86,228
294,135
362,121
754,638
361,290
970,276
345,84
189,257
250,94
401,186
78,13
834,715
39,993
736,211
774,939
812,328
961,42
747,46
317,679
482,148
795,753
456,757
418,866
788,976
693,453
82,587
747,674
217,72
393,579
96,369
384,542
864,421
477,641
314,303
337,143
940,571
612,253
391,324
556,76
297,172
204,759
518,320
857,225
581,287
824,674
652,738
582,112
763,253
889,35
280,776
552,485
639,550
513,511
974,494
283,892
515,317
281,924
164,624
23,544
564,252
60,26
478,663
491,202
989,499
489,137
435,521
796,520
619,719
120,968
806,346
250,86
4,931
158,335
456,657
948,139
229,344
471,27
716,525
6,976
59,311
522,475
5,145
457,994
520,761
304,445
504,55
738,217
1,973
22,546
504,155
745,331
550,350
907,91
49,769
803,94
712,144
908,494
824,775
80,858
474,163
814,694
352,503
634,174
606,253
25,743
502,459
471,903
565,190
924,655
237,366
944,751
957,209
732,360
146,243
393,226
892,163
72,341
340,51
978,47
715,733
484,796
743,60
592,252
672,5
929,633
850,425
620,108
218,63
736,142
771,274
27,363
859,798
850,338
387,130
562,514
211,876
939,504
881,148
7,897
617,479
687,141
314,760
376,466
542,964
122,276
314,835
276,441
705,121
936,945
209,253
865,542
442,414
421,973
486,116
226,70
56,838
525,291
586,886
48,99
422,383
796,423
8,285
200,375
600,498
799,759
212,62
687,364
613,145
698,899
338,402
980,426
737,52
220,475
310,984
854,818
72,837
522,826
456,442
534,156
214,45
373,987
317,466
857,994
151,160
677,441
188,149
761,19
403,369
685,955
65,724
65,615
644,980
686,375
539,861
907,171
611,541
685,292
29,992
109,270
194,225
324,150
306,413
630,923
75,503
423,87
756,578
91,489
980,757
343,336
780,482
454,289
252,506
829,647
463,468
989,410
259,414
761,840
400,914
309,230
350,763
299,36
438,820
414,33
450,195
311,272
648,773
490,711
770,34
898,800
583,982
460,607
513,12
827,341
816,250
89,66
447,113
986,17
183,418
851,431
91,796
197,267
157,717
761,486
924,49
69,365
16,508
647,367
302,692
523,425
993,72
216,199
106,245
824,535
786,473
528,351
183,466
708,787
785,192
449,795
250,340
417,767
181,724
50,939
465,618
714,491
895,425
438,18
579,998
161,911
892,226
699,450
521,717
181,549
800,859
582,110
242,727
174,652
655,449
17,382
195,885
69,168
759,37
456,757
28,689
207,787
30,537
903,24
640,966
245,463
542,500
138,606
36,603
248,168
251,786
363,130
980,779
716,6
156,531
691,484
261,424
521,110
652,795
79,704
823,149
11,688
203,553
839,694
746,463
131,155
788,287
506,242
326,76
806,250
821,896
867,109
275,761
202,118
979,28
953,241
523,544
344,101
774,674
927,426
939,22
259,693
399,535
695,973
917,279
783,576
988,829
883,927
281,902
413,441
351,721
714,718
510,890
632,244
943,404
467,652
148,379
310,799
636,174
709,739
66,229
200,700
244,377
252,694
661,417
819,872
260,486
75,218
307,541
183,509
903,451
30,512
811,131
427,608
518,84
290,107
192,674
375,122
520,14
473,132
637,937
583,525
585,594
391,662
304,92
491,94
991,199
836,614
198,687
888,113
950,643
176,576
127,712
679,586
111,952
697,292
68,50
872,965
868,504
927,216
739,764
304,425
592,195
115,993
838,760
923,832
125,359
182,993
761,6
398,872
915,805
551,351
394,198
26,941
327,870
746,694
760,671
373,185
339,750
984,931
597,686
747,351
29,864
167,708
867,878
204,862
106,54
301,933
212,952
30,393
168,173
665,967
13,229
72,453
985,996
654,10
21,466
275,229
57,200
322,530
31,318
73,449
666,884
587,705
370,440
973,386
720,591
762,423
21,780
337,799
792,713
722,870
224,193
840,640
778,72
875,11
629,500
361,850
99,215
301,129
641,366
83,545
23,267
290,429
703,852
208,277
863,522
738,317
595,203
224,472
43,947
926,298
564,961
757,220
229,912
323,805
478,208
158,425
630,176
846,957
903,411
936,926
864,598
148,106
761,44
254,896
990,828
85,693
439,785
981,62
509,70
200,791
529,402
798,654
364,312
686,419
356,267
569,632
11,0
433,965
812,650
458,185
657,426
814,650
122,464
985,845
194,784
447,833
211,144
396,461
799,494
741,449
357,835
540,723
258,453
682,439
351,15
249,859
611,14
134,102
588,148
531,900
326,840
224,571
820,736
421,866
603,972
166,318
908,9
827,822
886,90
391,669
781,546
494,178
534,588
221,196
10,294
872,651
962,841
122,516
610,968
903,522
32,816
835,379
849,931
951,602
186,311
216,498
756,862
119,780
346,46
37,232
514,224
855,309
99,515
355,67
887,311
211,918
187,869
637,965
711,115
329,602
636,618
10,698
77,374
894,100
721,341
170,564
930,670
7,807
960,526
279,333
575,883
715,875
99,298
310,886
224,153
68,230
716,434
595,896
214,157
231,725
620,255
345,545
140,647
987,516
862,830
5,185
835,995
27,753
903,134
599,779
64,7
875,567
273,939
847,495
75,111
593,803
294,554
712,320
538,170
735,451
310,793
24,394
148,883
395,721
407,841
993,79
558,452
661,613
380,777
272,200
800,491
440,751
236,202
890,281
282,706
214,732
399,147
468,270
983,480
419,389
544,125
88,233
118,513
245,841
893,99
939,760
898,534
651,819
352,273
157,946
993,113
438,700
627,260
679,410
983,390
629,899
358,882
655,674
403,207
632,723
956,48
388,183
767,454
834,864
496,649
917,709
322,472
396,431
687,387
606,857
833,834
858,502
469,39
402,15
879,976
415,145
640,434
989,944
724,255
933,172
426,814
914,333
473,920
576,885
486,224
987,15
600,775
889,122
190,886
713,727
51,818
985,520
233,771
68,888
483,451
706,432
454,433
431,18
919,524
29,549
462,517
529,655
988,400
545,865
544,866
753,838
541,205
121,608
829,394
99,701
851,688
401,34
517,554
561,166
344,871
203,665
857,163
264,533
289,330
531,833
226,203
343,616
698,868
890,248
312,822
189,524
424,327
697,774
115,494
137,433
838,379
520,673
663,87
981,377
941,587
319,498
863,266
475,647
344,785
336,648
664,312
854,521
681,678
241,529
465,489
418,794
192,97
994,846
682,670
952,610
887,513
306,724
503,691
661,158
852,50
430,330
158,489
769,526
525,999
991,985
846,451
911,451
169,524
305,765
271,628
965,673
832,725
761,151
5,129
17,990
16,82
676,415
59,88
636,703
327,468
321,683
678,967
764,435
601,855
555,979
385,895
887,224
84,756
497,432
728,618
520,395
981,1
968,763
775,495
391,80
888,602
438,802
306,282
995,864
961,325
549,150
574,38
604,121
195,451
331,303
590,203
975,708
948,926
701,676
999,0
660,105
463,474
90,783
457,84
918,802
760,632
470,402
68,369
821,943
397,847
568,323
164,88
489,684
626,729
853,380
580,318
865,961
665,444
687,99
947,821
663,110
533,528
542,957
732,572
639,579
104,757
279,152
432,336
940,374
984,406
156,728
230,538
221,442
767,509
736,624
682,721
996,576
183,457
790,635
546,532
951,53
89,274
275,823
39,712
529,329
504,312
114,540
664,935
879,994
307,100
190,223
836,15
896,382
761,702
969,974
545,304
828,452
454,102
638,956
262,398
402,54
979,407
120,369
607,455
911,247
577,795
328,446
342,727
217,73
377,893
62,336
743,554
783,199
484,662
86,561
297,923
732,909
697,135
244,428
895,527
775,305
790,722
396,749
975,382
110,726
884,564
578,369
335,66
311,424
623,920
885,944
369,349
949,653
63,419
748,206
483,788
178,850
117,756
545,21
158,33
223,101
552,359
677,732
345,363
573,631
823,819
804,975
641,830
936,440
772,742
686,556
633,903
242,95
386,727
251,578
520,289
266,590
696,783
392,9
672,217
308,699
845,117
383,664
984,203
208,286
820,104
249,415
346,667
468,648
116,581
346,617
112,994
110,533
552,214
278,858
438,926
768,554
434,987
710,515
520,578
111,183
518,964
758,415
40,851
243,28
315,744
893,91
871,690
587,851
7,849
112,769
924,350
848,894
336,694
980,359
957,953
128,538
469,162
99,147
236,694
493,700
971,250
543,694
32,676
683,743
400,859
508,671
466,342
258,168
115,864
79,346
870,883
71,361
616,355
622,708
591,439
615,312
355,411
797,674
807,154
861,660
10,236
959,98
444,456
71,126
904,931
32,371
615,146
830,87
178,181
78,677
53,975
152,960
244,195
315,54
544,584
360,961
3,418
335,633
924,972
917,159
283,496
803,660
407,243
697,208
581,710
495,625
76,184
606,35
84,998
854,249
141,17
581,320
570,70
368,196
811,196
163,205
264,918
393,557
171,492
553,0
498,106
473,834
88,734
884,818
811,300
549,925
118,667
18,266
914,483
89,336
874,500
397,384
546,289
361,157
790,49
863,591
445,853
751,34
543,747
232,835
185,549
385,510
646,238
87,596
900,127
643,687
402,216
126,997
709,89
288,798
373,726
28,762
436,958
479,264
915,983
723,167
251,254
150,324
115,886
737,308
202,764
257,663
406,175
188,229
727,753
325,453
459,433
462,458
521,623
73,688
758,822
681,916
403,476
436,148
65,801
882,822
351,979
595,608
469,364
355,261
769,249
537,161
658,269
707,817
792,691
803,492
813,48
549,380
83,341
259,930
739,39
163,926
871,503
102,479
837,853
989,156
267,812
919,509
285,519
258,134
768,618
356,373
997,390
8,302
430,215
524,128
105,425
522,729
85,610
290,154
166,228
979,938
702,647
224,0
129,40
94,564
82,125
162,120
683,789
929,481
494,799
49,622
328,861
51,842
290,189
423,674
229,103
967,539
638,418
671,350
165,8
173,390
121,960
45,979
262,401
46,295
681,808
660,367
179,357
609,841
595,382
710,939
617,420
334,979
157,622
481,265
118,578
315,486
626,659
501,368
815,71
579,888
143,127
992,420
442,600
359,281
808,830
754,782
298,233
773,700
625,65
822,639
920,781
177,103
493,174
741,520
856,241
25,524
803,821
796,489
427,914
537,557
262,200
456,288
824,532
187,392
886,800
742,750
248,939
968,362
949,889
927,268
859,839
424,567
804,230
979,477
436,283
273,711
528,265
376,719
324,889
278,960
986,348
634,56
499,275
275,864
852,434
540,537
987,269
698,423
775,889
483,594
553,710
955,602
527,30
221,983
562,249
37,60
610,966
281,510
205,368
68,529
954,115
624,2
743,735
724,259
567,953
943,435
406,684
407,275
392,31
528,468
53,292
301,602
396,479
926,20
987,187
218,407
821,954
639,438
85,953
859,792
306,962
416,608
305,602
653,926
559,6
118,173
839,599
475,662
813,21
606,263
808,703
271,380
735,536
614,452
44,969
189,439
171,736
162,90
875,692
297,794
825,0
460,980
68,44
567,221
478,977
624,63
346,596
983,602
690,36
873,768
987,201
881,590
816,679
1,102
436,384
786,120
724,812
437,807
242,290
311,691
969,392
973,67
344,125
92,575
752,559
399,839
819,529
806,624
119,870
164,389
42,464
785,93
190,503
339,534
159,176
359,400
724,182
799,595
227,813
246,691
586,426
350,876
984,946
300,194
6,813
688,372
126,922
648,504
607,880
876,840
785,558
416,576
200,999
115,637
729,210
396,305
624,473
802,615
114,908
108,244
202,144
527,345
488,987
273,801
533,294
987,347
937,405
905,27
10,773
676,984
831,663
465,795
416,382
748,653
119,33
390,699
771,632
637,640
31,70
88,213
726,313
104,434
223,48
368,218
568,774
605,340
231,123
413,539
679,732
929,105
238,620
682,500
904,288
576,305
767,264
996,939
685,463
258,517
559,30
572,368
14,529
85,344
427,49
467,647
218,98
961,298
141,982
974,106
631,604
530,935
471,63
450,303
778,665
654,768
865,895
980,649
160,560
91,709
534,337
72,855
820,929
86,669
303,698
798,703
489,152
886,955
499,636
896,951
78,781
566,762
395,699
781,323
117,311
138,580
890,264
571,293
531,675
114,542
976,781
0,80
866,951
279,713
9,25
149,523
663,140
630,753
770,310
460,121
147,763
551,991
559,217
812,224
580,592
423,824
522,354
974,297
780,486
895,444
420,68
313,92
161,614
916,750
634,818
523,221
215,993
395,213
229,9
520,648
138,55
132,417
601,324
0,309
165,333
972,284
414,15
701,79
449,459
829,944
301,62
590,762
68,201
609,529
958,761
68,771
966,246
305,365
936,896
490,837
614,606
584,300
845,239
807,199
292,315
764,769
179,575
347,76
464,369
348,400
715,471
350,404
265,200
317,167
710,335
143,552
968,992
330,694
477,289
917,829
394,410
236,642
996,298
592,390
899,229
900,566
548,90
121,142
255,180
35,645
921,639
488,956
172,211
801,186
244,653
599,175
452,518
5,304
234,707
407,966
608,926
268,480
435,576
3,877
870,188
438,297
253,271
907,754
921,280
470,785
497,405
146,246
630,724
113,30
84,817
907,548
772,68
36,994
371,7
520,596
207,923
316,56
214,301
921,180
610,251
382,954
237,622
469,202
780,21
850,710
462,973
792,53
280,890
525,185
235,913
383,913
759,873
577,574
89,89
31,328
803,932
420,833
434,953
310,149
599,834
214,349
157,809
133,234
130,262
776,324
776,736
945,697
867,468
194,364
45,895
113,691
990,521
907,530
553,958
618,326
580,375
585,400
698,33
756,950
740,343
443,826
313,706
551,67
987,722
966,966
759,945
104,704
720,523
358,635
902,603
681,171
644,449
744,401
150,544
998,834
712,243
623,701
451,287
377,284
969,840
543,830
992,652
567,634
270,881
680,175
674,120
47,137
661,272
181,864
961,150
916,442
724,131
253,515
322,402
252,433
145,74
665,61
60,850
178,992
882,110
130,268
864,822
160,591
195,486
40,178
105,513
322,819
923,100
105,861
398,51
312,868
628,246
30,599
455,986
76,811
94,189
982,851
20,647
577,902
971,662
319,835
362,74
328,632
751,846
137,959
744,316
594,830
798,261
639,617
791,560
136,209
409,228
84,915
531,471
798,275
522,203
890,736
731,476
505,554
918,398
848,608
848,117
66,777
595,151
52,758
7,960
110,410
525,110
425,133
989,412
100,280
48,862
436,541
426,858
99,321
756,85
698,393
712,527
361,292
162,306
320,380
418,39
268,562
93,479
210,621
51,371
564,506
297,567
560,986
680,525
351,737
52,730
2,922
261,716
698,998
748,132
971,682
91,720
862,8
594,874
447,946
647,477
270,384
520,192
96,144
967,375
611,637
955,583
327,687
36,345
300,376
780,211
873,918
400,882
414,576
705,551
392,806
77,404
89,574
460,618
402,68
620,553
30,373
521,334
727,507
392,174
971,248
573,71
165,435
604,352
984,638
777,520
439,415
983,805
559,551
494,753
227,418
943,231
756,226
181,499
397,65
154,907
183,530
579,143
233,6
238,653
970,107
634,763
291,99
114,615
390,715
774,176
12,639
947,553
305,341
314,938
254,104
955,918
483,870
336,909
836,839
572,553
312,841
782,119
784,179
940,656
112,565
109,681
291,978
894,543
582,26
838,891
691,299
398,866
152,716
280,420
763,204
778,550
143,221
863,171
857,828
768,125
400,657
826,688
994,273
626,505
976,793
326,809
1,680
862,12
443,916
966,68
899,520
893,908
787,559
538,70
114,722
685,754
257,712
490,33
473,709
871,879
89,774
443,969
878,968
548,462
358,851
727,941
861,700
226,880
764,917
901,435
735,556
390,254
107,572
552,289
190,828
539,734
44,87
979,124
77,923
30,818
11,76
711,263
994,744
893,556
485,610
269,555
807,436
144,532
383,189
862,305
416,258
272,530
312,993
896,774
721,102
803,840
887,83
423,658
845,127
259,362
679,996
804,579
558,983
927,608
943,446
740,887
61,724
401,752
804,180
951,1
848,119
835,383
807,429
668,723
12,485
687,256
930,499
626,420
454,692
972,328
66,287
830,275
361,915
778,163
682,671
854,664
176,257
514,559
161,421
772,129
314,203
596,458
758,484
957,561
97,981
298,111
208,622
934,560
288,559
21,891
650,505
41,340
630,23
79,672
985,66
259,33
919,842
13,862
691,372
516,876
958,217
65,700
373,742
455,554
323,953
271,601
399,880
478,809
162,255
827,735
405,285
575,30
722,265
192,365
608,71
868,916
42,145
933,432
439,340
967,887
567,524
348,32
795,657
634,38
363,204
700,436
544,781
471,672
641,35
977,108
550,90
946,251
84,355
558,254
947,45
370,821
287,940
167,880
936,543
234,64
631,153
1,404
371,432
372,261
673,260
791,403
363,859
336,476
578,97
947,440
99,379
91,317
833,879
149,603
613,591
736,97
800,913
477,397
88,542
879,652
983,297
580,686
254,966
458,427
604,690
301,838
596,794
965,251
61,683
570,492
282,768
647,82
524,693
603,450
382,938
388,36
217,294
457,802
799,404
63,866
420,721
999,922
289,897
501,6
947,225
335,404
971,387
369,214
649,498
161,561
363,8
45,665
302,265
621,301
337,162
451,657
620,703
71,560
768,724
793,627
191,597
502,156
603,983
64,830
925,242
153,301
242,502
503,412
676,334
620,23
275,200
668,785
774,678
784,268
316,809
446,924
705,534
369,766
505,888
61,319
201,791
376,95
9,150
414,117
200,658
883,433
104,769
351,990
928,717
382,924
198,796
513,115
795,228
595,708
132,736
907,788
272,301
822,484
824,573
775,623
264,666
68,657
925,12
820,935
183,378
838,788
505,136
120,405
277,260
299,781
554,706
985,463
751,95
161,802
946,866
165,355
941,759
660,531
727,856
190,783
407,659
525,753
898,118
282,136
180,417
207,564
273,994
68,557
681,604
906,829
851,17
989,316
212,482
847,746
475,588
677,421
69,515
373,894
181,231
565,633
813,24
622,528
659,601
81,947
691,102
850,123
949,360
932,390
670,208
541,415
270,535
660,592
740,785
494,757
620,173
376,450
38,273
16,826
395,460
656,611
401,900
55,372
737,553
471,709
583,983
224,972
690,150
362,277
364,29
788,873
106,323
326,517
726,400
84,676
343,105
994,210
551,929
14,370
480,287
854,187
314,785
174,636
948,404
760,888
911,739
461,366
672,783
504,77
573,537
646,337
468,795
365,477
989,14
420,760
135,991
796,77
174,601
559,321
149,690
568,321
639,196
765,603
644,628
537,768
424,936
797,942
640,516
718,518
419,696
647,934
983,999
752,920
942,384
191,70
223,183
928,882
969,325
697,272
30,761
833,360
476,652
335,199
193,854
436,658
882,40
901,453
43,634
338,640
443,844
661,259
437,467
544,241
7,914
973,315
818,446
488,657
862,286
458,331
663,553
726,88
947,533
187,182
281,475
839,335
986,57
828,185
100,574
923,9
107,93
191,279
881,121
839,436
552,244
590,756
175,7
976,890
118,572
311,904
279,362
960,532
74,637
328,761
617,302
557,288
363,449
223,570
361,447
206,826
694,751
629,37
884,83
159,979
80,938
67,527
262,19
729,745
133,659
204,243
792,77
819,249
686,302
393,726
784,406
529,671
366,485
210,528
732,923
647,991
478,349
680,679
235,29
25,343
719,477
436,702
242,963
34,616
932,380
350,582
689,433
195,674
409,396
161,777
809,201
13,209
11,213
765,443
396,139
14,657
276,49
6,306
969,826
428,402
451,593
595,351
572,65
301,45
153,6
270,839
867,248
534,518
463,227
690,29
197,590
219,792
366,693
305,640
426,889
704,582
967,758
326,215
605,661
637,945
912,720
289,390
869,174
789,28
514,488
842,742
136,398
204,860
373,803
985,879
760,661
618,264
301,688
871,108
922,319
912,802
589,745
117,477
300,829
922,191
903,277
125,937
46,962
446,568
553,465
841,801
675,757
185,250
101,25
88,181
302,680
105,195
575,40
152,390
281,726
559,544
880,794
975,483
535,681
218,339
242,303
555,456
477,110
126,832
559,866
376,275
740,741
889,223
171,929
361,5
809,55
287,826
905,297
921,881
781,702
715,420
807,749
939,999
125,648
717,465
914,320
830,415
350,284
803,138
905,752
311,606
319,212
529,186
15,728
551,180
189,244
50,857
151,956
467,990
802,889
97,522
212,896
90,489
224,872
476,621
493,782
976,29
390,108
100,594
220,752
983,397
97,536
275,669
269,973
263,393
816,813
336,15
655,789
393,422
122,39
962,143
251,929
687,407
268,21
467,42
855,873
769,50
906,700
424,675
620,421
219,251
608,83
804,680
445,961
373,600
714,678
472,181
789,840
146,168
849,868
401,248
505,221
537,943
43,286
109,955
365,718
801,701
819,710
534,167
124,7
961,307
647,866
327,177
401,588
260,65
553,255
825,752
19,971
745,387
546,861
636,159
852,418
234,996
876,771
361,78
305,978
43,842
907,93
600,638
893,359
542,454
25,43
401,109
893,49
681,848
965,147
621,263
370,801
455,228
631,331
300,629
227,181
760,575
212,983
844,925
371,106
493,186
319,182
134,809
17,125
102,827
89,513
113,158
356,780
471,106
638,371
7,562
58,912
227,844
282,826
897,910
204,755
477,858
653,435
943,188
667,646
211,506
228,473
540,714
68,602
218,432
511,738
287,999
99,931
127,407
954,289
526,190
227,192
622,334
35,254
504,921
836,283
439,992
159,500
333,585
371,512
776,680
608,465
398,466
468,477
759,721
307,536
233,377
119,20
278,36
851,205
678,813
98,296
595,227
299,294
839,599
598,542
35,441
513,846
582,762
793,155
866,558
495,782
613,300
49,61
873,139
221,297
733,166
834,962
582,311
870,171
167,173
637,160
123,765
500,791
863,272
438,516
242,695
339,120
318,315
683,294
177,237
421,700
377,301
808,869
607,551
264,271
892,622
987,692
920,335
659,848
800,258
198,600
701,704
54,38
827,714
644,266
628,575
993,930
752,937
782,821
956,631
184,312
8,166
624,620
707,646
199,983
655,835
494,919
39,820
999,672
246,770
41,893
906,997
642,317
628,57
939,982
552,837
891,168
74,885
592,534
80,434
330,180
514,661
611,793
80,73
891,932
938,109
575,186
589,290
405,10
523,307
991,650
706,216
430,817
943,325
845,153
228,465
592,811
440,860
378,245
386,849
236,555
166,7
44,443
262,704
579,783
479,581
10,773
443,680
474,298
230,793
849,754
228,737
703,473
517,763
745,729
912,160
623,674
70,436
484,698
171,987
555,238
746,62
673,647
454,818
368,760
386,80
14,593
0,481
326,428
304,571
925,499
958,849
870,319
957,335
702,7
195,775
126,242
238,610
8,166
64,56
18,698
395,985
342,832
145,30
674,589
109,55
394,600
61,55
279,896
191,354
689,118
116,360
564,610
953,772
354,389
473,160
364,247
553,227
103,973
507,38
173,926
661,113
897,140
380,526
181,182
330,111
974,709
367,899
582,34
421,732
878,373
675,284
115,948
691,147
47,834
952,306
389,152
181,762
457,2
462,424
229,427
591,172
58,362
185,655
880,653
644,69
551,775
160,799
250,376
997,949
448,233
478,346
230,23
721,822
527,604
442,579
571,997
502,450
782,503
225,753
763,36
266,393
189,883
755,614
992,381
512,80
5,513
975,995
948,244
942,35
640,363
127,276
211,65
497,554
272,709
17,747
150,244
185,411
967,85
156,347
268,106
830,146
92,361
574,57
21,506
501,537
560,190
112,399
909,990
182,124
385,201
342,282
364,764
930,761
328,564
28,863
87,595
766,533
533,981
184,850
490,439
532,766
208,479
186,959
131,786
502,976
903,32
961,67
764,547
781,327
430,813
729,457
477,638
450,965
423,578
866,928
806,332
633,946
668,575
74,885
578,970
629,542
61,51
960,55
633,699
769,985
199,856
419,677
709,75
288,569
28,220
535,552
919,574
170,570
398,15
399,188
473,896
749,460
183,187
396,425
677,395
331,724
809,880
728,949
913,956
236,593
287,504
856,357
434,77
622,487
881,389
656,618
300,580
512,302
107,958
493,521
679,862
891,633
889,811
742,38
845,221
657,442
778,805
901,968
40,392
25,106
565,908
544,288
738,712
424,229
368,426
842,954
462,715
913,425
612,222
467,623
334,583
641,659
731,213
840,494
678,543
261,715
932,387
955,770
317,603
895,176
387,513
670,418
379,703
979,62
891,476
356,818
924,402
771,981
267,885
556,524
871,929
550,825
164,126
21,75
759,143
107,9
326,291
235,820
913,222
280,28
234,778
602,202
186,442
790,529
615,974
503,432
47,370
304,457
962,844
254,252
681,904
302,748
368,347
491,633
167,951
68,44
604,528
290,93
327,348
638,721
336,491
459,785
640,675
962,956
986,778
858,69
968,28
346,329
475,854
834,839
951,157
362,664
905,458
827,519
79,211
130,614
205,532
916,189
445,517
107,693
385,535
646,389
92,998
75,576
181,961
618,473
514,799
770,178
129,795
879,181
847,443
876,775
648,243
863,436
111,157
884,957
746,140
454,415
511,973
571,906
383,251
337,118
592,656
100,406
761,738
60,650
637,926
845,942
658,871
741,849
135,639
464,23
76,660
727,373
345,354
666,155
223,972
798,596
105,757
182,991
142,457
675,373
96,234
320,819
294,512
757,640
232,722
771,743
786,314
42,931
929,727
61,406
71,904
426,664
127,249
837,900
688,749
706,677
964,90
927,842
340,907
78,832
597,26
923,501
201,54
810,791
715,251
62,415
395,268
302,191
807,655
692,45
675,856
951,482
15,93
779,695
386,199
591,21
649,228
809,44
981,925
463,72
439,45
185,437
687,291
281,695
788,735
34,684
215,32
157,740
74,440
486,107
275,114
404,515
659,40
766,167
459,257
209,882
192,619
606,629
671,514
795,724
811,83
907,651
165,906
806,616
70,68
970,541
439,356
797,324
641,669
777,647
525,114
236,530
525,152
492,595
425,528
69,559
644,762
295,191
206,753
350,753
233,149
96,390
287,668
443,836
822,281
987,1
737,148
198,697
847,377
125,12
414,211
190,542
999,410
896,677
60,605
118,888
318,24
413,375
17,845
242,857
709,656
773,144
540,67
821,496
563,598
344,829
627,337
339,21
959,554
391,877
771,765
775,216
163,99
682,713
734,823
679,1
135,268
303,757
438,46
1,931
588,400
114,462
261,288
260,981
685,392
416,462
454,364
85,943
880,556
980,441
384,108
762,739
918,343
694,359
34,581
583,912
553,459
288,370
651,313
955,874
838,701
28,342
407,216
546,770
182,360
876,881
66,559
547,479
638,374
543,917
594,901
946,103
808,503
909,994
76,714
291,567
601,105
603,682
80,420
332,701
796,924
176,673
704,702
846,993
912,808
732,277
770,37
280,936
754,924
533,903
307,552
694,467
68,309
279,960
955,864
399,218
42,841
121,670
725,272
398,105
657,915
82,267
982,14
796,564
825,667
927,155
886,428
394,243
229,708
605,395
423,886
38,47
409,514
234,928
915,609
211,481
525,427
246,392
470,427
485,54
512,714
134,288
937,244
331,613
447,877
440,16
667,3
682,771
877,34
857,467
779,868
648,215
456,445
630,458
182,1
773,802
223,550
882,708
751,749
110,165
183,620
481,38
168,194
814,521
744,474
514,435
569,18
274,644
66,918
832,491
614,872
431,445
103,637
793,117
120,974
19,127
924,692
283,159
387,610
47,261
631,108
714,707
487,338
233,204
276,238
641,832
916,618
551,310
189,35
934,531
401,697
400,769
454,386
510,876
734,115
257,455
871,570
860,505
158,723
958,765
403,588
840,882
332,187
210,306
141,972
970,351
676,515
860,934
707,944
252,100
827,357
470,161
981,186
960,346
757,45
152,465
76,169
127,813
856,518
437,267
175,204
735,761
145,905
779,355
710,925
798,214
471,858
937,46
117,679
901,146
226,864
548,96
820,504
274,507
388,46
78,188
507,985
924,623
622,708
16,76
406,604
635,832
246,938
994,218
231,80
695,176
617,290
40,311
655,638
941,640
630,272
967,664
847,609
706,485
934,313
424,408
663,824
739,622
229,716
849,881
510,56
275,307
351,902
571,216
944,613
968,983
767,375
445,134
637,971
984,636
231,508
284,918
656,286
512,792
550,418
81,939
789,59
129,574
996,659
312,945
38,490
541,321
345,441
641,288
379,605
984,258
731,212
649,2
771,357
651,64
389,778
666,526
531,28
193,708
246,871
137,977
658,39
598,741
967,963
572,214
645,224
413,944
433,823
207,576
409,127
802,639
8,247
555,260
823,14
789,316
247,933
41,508
468,7
599,692
614,908
35,808
784,436
419,165
365,721
92,707
821,616
298,119
68,497
969,410
483,337
917,952
173,256
967,712
182,904
476,426
224,514
962,501
92,994
854,571
828,390
894,102
922,81
495,631
634,922
440,970
37,188
209,276
990,82
634,528
469,707
982,460
245,665
483,306
654,796
27,73
642,398
582,92
443,815
29,91
761,336
77,260
464,505
389,35
305,685
511,9
360,326
101,120
407,434
856,257
598,188
976,838
895,367
327,639
605,116
833,174
53,542
767,133
630,722
995,739
275,447
1,968
285,17
712,316
296,462
685,8
958,771
493,572
359,239
364,97
178,750
430,188
852,336
955,818
558,967
490,685
438,117
981,150
186,7
552,877
655,11
342,143
431,824
215,281
48,194
774,391
357,898
561,525
17,812
116,949
61,893
757,328
971,0
570,841
790,342
386,351
686,487
442,166
407,286
757,27
120,674
769,364
193,98
327,540
556,455
133,373
890,602
815,761
253,14
171,430
254,374
491,706
808,422
704,870
455,394
118,731
55,89
828,387
124,393
134,873
673,29
285,334
208,13
461,83
671,680
912,393
114,326
772,746
183,63
555,771
394,456
84,161
337,402
318,801
774,428
637,860
879,298
757,224
89,156
497,795
961,620
199,775
481,725
616,728
316,81
204,61
837,363
478,216
945,123
997,806
694,659
309,243
43,52
514,815
569,548
657,26
565,760
810,773
257,309
680,612
785,589
484,692
224,576
22,515
819,541
279,966
159,690
100,301
310,955
731,428
211,801
159,768
424,177
495,77
552,705
958,636
442,384
21,105
174,617
19,467
30,998
995,28
268,691
867,874
660,508
462,302
577,251
401,983
430,716
267,47
80,945
962,114
582,643
523,774
669,995
126,693
936,263
398,212
806,130
499,733
309,621
417,43
242,656
58,191
983,38
674,458
349,972
386,85
35,880
446,625
167,92
205,664
382,769
365,314
852,188
177,300
217,534
737,459
528,918
872,925
585,332
791,630
320,668
344,963
877,313
177,925
684,873
565,217
415,752
661,473
290,744
338,795
860,374
240,814
235,927
557,116
8,521
40,835
301,574
344,713
424,402
436,539
10,252
615,343
969,520
43,775
257,398
634,841
993,996
770,946
428,529
728,949
755,61
916,163
832,729
915,840
408,947
48,888
307,798
784,608
758,896
844,714
883,781
859,610
887,199
842,305
804,397
285,894
673,487
783,949
335,452
511,240
604,203
367,309
349,745
533,195
211,162
188,531
685,13
66,974
201,306
276,633
886,610
36,10
662,153
215,820
14,834
272,306
385,603
110,680
413,549
260,141
665,647
93,641
209,754
209,659
420,809
747,29
176,877
353,993
166,357
646,196
529,713
180,376
890,881
145,81
902,386
561,652
46,134
967,239
517,395
801,908
944,555
399,205
87,242
129,507
250,117
514,56
902,64
611,952
466,716
751,327
608,128
756,34
248,95
983,41
910,113
476,771
556,738
251,974
314,974
289,647
751,637
831,785
871,504
749,982
522,15
773,800
643,473
299,816
799,365
957,991
259,88
597,136
640,743
500,164
812,637
637,491
426,104
575,970
296,970
162,743
346,0
519,894
340,676
127,82
439,435
175,948
17,298
387,663
40,694
145,128
4,585
169,884
377,281
373,538
898,328
519,828
202,213
645,258
569,702
795,964
615,417
724,377
462,689
474,128
716,911
930,602
825,33
738,761
830,634
517,59
302,588
184,110
915,346
746,803
653,128
94,337
899,181
513,586
860,792
421,688
806,244
822,986
397,917
2,169
475,883
428,934
185,735
661,26
233,613
461,115
942,671
475,588
817,593
702,643
519,152
900,38
212,829
253,57
766,198
713,998
343,576
328,769
700,159
152,163
520,487
352,246
331,305
745,135
769,233
168,804
214,359
649,322
983,390
722,356
482,603
259,35
900,462
772,366
342,706
887,657
440,538
123,32
799,654
706,906
83,117
288,533
29,908
783,984
927,5
786,310
437,796
681,916
227,317
346,868
533,379
792,63
345,510
364,675
235,616
523,328
683,815
272,364
315,726
5,992
679,787
438,337
919,577
220,644
857,206
805,481
308,837
372,704
325,224
187,518
543,107
748,310
482,457
626,621
523,316
601,501
311,353
189,746
940,455
143,768
290,719
818,29
811,41
20,845
443,568
39,90
539,486
448,571
38,127
854,462
950,599
120,540
604,304
169,954
648,626
763,869
81,419
228,824
289,719
499,440
436,780
178,955
277,511
961,825
904,618
707,813
600,681
817,691
599,277
424,507
871,66
197,816
805,169
9,119
258,624
281,318
627,413
26,169
420,165
263,93
342,344
49,29
918,949
268,399
602,537
225,12
295,992
569,370
583,361
150,107
502,842
567,280
337,388
185,186
655,647
270,433
13,331
165,526
16,168
898,855
900,609
517,720
399,268
23,635
844,655
586,59
14,155
591,499
777,768
692,529
764,82
744,954
266,791
999,963
826,42
353,415
462,294
207,892
324,846
881,68
365,549
342,999
60,210
418,858
740,665
749,247
475,368
91,818
864,562
453,607
269,60
809,802
302,171
596,720
948,698
175,931
887,624
164,214
739,745
894,56
372,140
223,160
292,105
939,93
203,388
28,761
392,273
798,305
740,540
696,888
614,698
909,41
490,818
360,851
204,877
78,118
668,397
234,128
836,648
509,196
232,502
516,559
670,413
538,613
826,859
473,199
49,5
442,673
231,181
670,474
745,88
889,326
310,909
93,995
38,669
468,92
30,499
656,111
182,350
371,77
280,746
25,345
403,879
69,662
955,561
897,655
977,35
451,143
613,190
248,761
319,543
574,156
390,381
169,549
349,330
491,880
809,593
194,998
63,543
923,431
839,431
39,477
771,813
114,995
48,512
497,992
101,610
757,737
172,868
955,21
709,520
313,624
69,17
845,384
840,453
80,70
266,817
921,888
503,96
384,577
267,173
501,836
833,499
778,199
835,457
826,194
588,901
721,319
118,415
408,754
967,729
154,595
432,426
725,283
688,869
233,75
483,377
753,535
18,476
791,570
239,645
549,383
627,885
482,364
96,602
770,88
688,630
609,537
19,906
403,406
774,494
510,965
223,750
710,210
148,185
300,641
624,838
515,321
180,770
968,547
944,360
187,86
99,145
387,853
768,215
516,112
73,384
795,744
135,583
160,876
174,271
216,911
302,128
464,849
115,287
357,249
938,856
462,413
307,424
866,78
362,857
441,932
668,187
568,239
42,770
186,597
610,91
372,672
143,275
784,970
681,537
738,480
858,267
174,216
922,382
437,710
716,81
513,317
830,284
242,114
560,224
807,344
100,760
638,846
483,789
270,31
640,896
396,825
118,960
73,401
12,351
317,660
332,476
880,528
577,55
842,858
33,669
409,456
730,393
379,98
628,327
733,133
112,406
69,820
685,688
198,869
211,840
101,209
907,147
11,624
879,109
269,427
946,411
998,971
486,939
95,724
580,975
772,685
618,184
547,926
406,60
843,888
857,973
647,192
567,200
549,582
381,755
218,518
58,305
186,700
407,98
333,745
593,473
288,235
67,416
591,722
599,85
218,819
266,380
570,973
763,806
403,286
390,512
342,825
756,254
626,312
997,846
519,307
726,98
294,383
685,411
124,151
608,826
983,296
536,398
252,677
735,213
937,601
695,47
354,81
131,462
479,813
789,278
725,752
566,910
93,167
86,187
287,351
682,251
677,563
529,46
288,357
1,949
577,784
909,917
612,678
743,213
251,222
932,310
362,330
101,230
730,625
305,84
591,547
925,585
919,444
370,791
552,85
173,121
812,840
701,940
843,648
298,414
424,872
935,65
419,371
889,347
461,298
315,662
52,916
358,29
859,323
998,168
308,951
661,166
49,811
498,522
628,161
387,81
327,890
660,718
612,860
166,547
554,22
330,253
769,510
68,895
481,671
81,519
650,130
106,472
211,768
15,607
873,367
718,299
911,234
335,161
256,639
417,998
157,450
613,285
621,407
397,538
742,602
40,957
79,868
431,196
784,187
507,843
844,558
673,187
304,30
342,535
174,906
639,842
253,82
361,199
517,820
851,803
371,476
865,271
326,761
219,42
802,139
377,68
132,574
154,599
777,426
981,590
64,862
364,835
962,198
703,997
506,232
679,963
336,703
472,367
693,402
860,543
810,299
732,35
529,571
709,679
928,762
421,91
839,261
739,508
112,30
308,128
57,222
536,570
460,414
732,429
102,786
905,374
565,438
779,765
130,329
306,391
488,23
68,744
810,587
124,74
964,963
255,663
93,731
485,588
763,162
574,114
839,280
577,142
856,47
525,400
481,973
378,783
723,917
639,34
153,792
759,872
290,657
465,138
530,242
281,833
953,191
1,967
754,191
552,208
446,926
887,763
62,723
593,990
585,471
939,176
91,450
434,971
402,702
824,182
815,439
611,613
765,691
447,290
971,410
29,532
364,431
588,227
904,996
810,567
63,474
552,58
303,104
741,502
756,30
564,51
367,370
393,6
315,273
997,370
275,302
18,174
442,407
811,660
862,207
67,406
892,257
118,340
886,552
310,660
949,945
533,941
846,977
164,994
38,581
912,630
998,439
291,761
455,378
616,896
293,81
639,549
963,158
159,110
252,52
120,762
963,336
420,330
768,77
328,464
242,816
621,281
295,436
408,452
965,356
884,508
936,414
367,868
305,984
977,688
818,54
742,986
460,149
666,661
18,961
992,378
50,151
653,476
459,358
253,526
749,706
144,895
167,612
826,549
969,552
24,783
99,640
646,188
74,635
820,145
769,746
434,3
364,506
457,784
761,890
408,947
731,450
938,111
909,847
818,848
323,117
692,465
936,208
278,409
504,464
402,824
537,107
756,3
272,141
530,661
154,41
788,78
144,77
52,648
702,534
279,226
817,971
822,652
54,968
66,155
227,48
279,296
488,583
409,623
693,935
839,768
316,156
694,281
329,613
321,859
156,629
707,969
185,175
6,566
285,104
948,303
74,374
434,106
761,491
589,560
667,428
954,766
695,511
910,660
277,541
322,440
647,207
999,597
340,309
111,312
576,843
338,589
986,536
693,941
722,588
519,837
23,760
191,727
674,940
274,673
265,346
288,744
781,507
656,867
375,836
765,452
380,277
983,824
90,365
780,158
817,968
938,688
21,484
417,886
15,272
922,399
34,437
47,230
554,594
807,479
880,826
566,885
822,67
457,746
776,367
636,309
160,116
856,297
407,599
722,296
90,769
851,102
913,365
417,943
229,753
269,495
558,301
278,990
401,52
866,954
27,670
110,647
635,613
239,918
580,750
823,954
871,510
389,111
974,464
971,457
650,514
517,23
97,140
750,859
837,865
895,354
733,768
269,419
658,204
466,300
126,498
362,479
929,314
623,47
912,167
16,937
80,409
304,512
153,87
549,495
862,380
81,715
855,468
221,103
241,969
452,770
997,671
330,151
152,37
93,782
516,703
947,669
849,958
273,324
464,756
265,571
654,971
437,746
416,646
624,461
93,520
806,942
715,245
939,408
78,152
360,115
993,767
978,159
432,411
866,896
194,896
638,484
703,881
116,26
234,584
734,505
413,631
689,996
896,4
954,604
18,864
246,311
396,150
577,887
993,277
313,5
780,727
266,197
881,322
238,834
128,912
174,494
417,854
702,362
77,981
262,427
456,261
878,329
649,327
87,553
303,229
33,957
270,729
725,686
365,491
114,574
765,120
475,105
690,752
893,541
448,215
809,11
15,885
548,518
848,937
547,554
234,685
530,898
879,216
223,688
129,15
996,586
866,687
662,336
785,772
638,897
433,546
105,88
420,21
942,384
180,206
837,428
944,560
340,80
590,577
226,473
528,205
412,432
218,222
144,327
223,212
732,76
298,649
121,687
579,442
477,857
274,838
508,923
177,568
641,306
347,581
746,208
545,165
368,228
134,672
869,197
877,614
161,968
473,761
129,294
438,652
500,147
99,369
198,690
696,488
255,649
580,837
980,641
466,524
530,133
280,893
553,906
572,280
979,659
677,540
450,416
439,347
868,694
81,598
109,176
966,678
531,645
417,220
616,39
634,519
501,948
230,996
13,545
98,593
574,819
389,538
12,156
38,838
210,233
969,285
560,867
414,354
166,602
362,908
489,352
663,940
25,158
38,501
185,442
333,322
595,487
23,290
786,427
665,374
607,578
9,383
69,349
958,633
534,875
830,411
183,190
104,221
156,449
513,854
118,536
653,768
899,647
689,73
843,124
568,739
936,987
301,910
343,279
870,675
199,404
967,309
612,922
139,405
383,802
133,337
913,811
256,70
925,241
483,422
659,884
789,409
307,90
475,195
888,194
878,876
579,838
654,713
569,343
156,976
507,284
690,41
990,231
826,125
731,231
984,101
795,447
16,315
614,558
1,521
447,944
516,188
923,257
757,75
156,542
500,582
85,507
915,375
194,748
418,76
264,349
464,657
209,776
80,131
821,339
98,11
341,634
529,563
767,501
117,733
473,751
968,188
730,402
16,288
532,641
120,866
139,925
257,97
479,859
978,147
177,626
253,816
444,489
240,451
977,351
607,692
630,685
603,513
381,275
926,807
760,791
599,180
218,231
871,416
376,431
83,907
522,970
555,846
497,152
744,241
161,565
311,180
33,428
236,454
321,744
716,204
933,171
386,386
27,73
597,212
617,823
74,546
268,700
169,659
129,756
15,228
531,684
645,194
480,418
146,790
995,416
95,631
714,879
974,351
583,168
819,423
554,531
624,337
491,764
911,333
258,576
324,564
729,487
672,248
525,192
906,608
926,807
216,200
728,442
831,389
726,818
76,961
937,591
674,999
60,307
703,715
506,813
531,419
92,530
902,226
206,725
825,391
262,211
497,747
315,423
608,48
932,522
607,440
500,363
627,137
813,673
188,217
488,190
101,113
275,797
108,198
539,604
182,0
992,684
698,725
94,927
684,636
699,655
782,984
206,91
918,728
902,765
413,533
536,608
902,71
110,384
471,517
315,410
509,328
340,606
447,815
664,902
42,886
989,552
518,833
408,117
906,183
878,379
296,773
191,649
463,384
781,626
615,710
455,166
320,288
145,454
644,599
643,103
64,0
722,526
543,984
89,69
663,992
477,287
639,936
114,735
136,690
142,63
33,37
286,332
430,823
231,229
687,953
473,306
540,775
315,295
51,664
105,479
295,712
963,622
232,167
526,384
174,410
318,953
457,580
69,26
714,389
96,720
753,859
381,710
519,170
747,864
620,818
683,471
584,663
768,320
74,663
100,262
296,846
55,276
635,519
849,959
705,289
581,661
568,385
725,435
330,253
102,62
420,662
764,356
727,846
369,793
812,748
951,50
289,833
424,906
804,105
74,0
320,788
158,331
237,22
903,199
938,332
990,821
561,38
842,633
82,699
549,789
150,56
146,956
337,531
371,735
961,818
631,225
178,102
741,631
504,432
118,704
943,169
855,480
758,130
488,251
990,790
824,105
555,285
850,264
642,201
993,705
650,167
238,119
701,764
643,458
296,211
129,649
580,844
845,980
200,666
198,207
42,120
745,170
994,525
669,892
252,476
989,302
439,413
54,775
931,736
778,993
486,29
954,779
660,174
524,711
439,869
63,975
3,786
663,530
422,67
124,175
95,750
206,819
221,827
210,167
789,70
48,464
887,204
720,12
165,965
509,819
1,958
452,382
413,13
298,652
749,524
353,864
611,602
898,736
823,135
557,833
964,357
921,369
821,598
87,799
65,650
364,456
557,305
174,137
297,824
406,207
528,557
417,265
716,184
853,284
306,983
189,30
408,676
855,643
36,83
561,814
925,499
587,99
160,896
307,306
428,761
439,999
728,350
304,406
940,656
652,636
745,803
492,81
461,334
48,880
449,531
100,214
262,592
281,29
970,318
105,820
877,546
856,544
544,190
301,57
372,448
703,380
430,924
68,122
6,505
637,825
847,426
856,897
661,225
736,136
68,274
436,621
550,832
759,199
946,948
537,271
32,990
508,1
827,719
783,337
523,158
23,465
680,279
972,451
690,959
883,319
453,165
989,97
11,81
830,598
165,869
176,58
967,366
793,857
917,854
69,942
441,398
613,909
251,970
941,271
859,308
508,986
64,217
817,866
1,411
989,746
889,185
172,653
982,964
497,313
485,115
533,835
890,941
877,54
552,79
845,41
139,558
738,856
360,189
993,750
549,926
855,506
865,322
53,256
226,959
927,286
473,627
785,743
775,673
96,123
339,762
314,921
565,948
606,330
446,316
292,793
971,747
764,558
260,27
970,568
888,621
828,592
152,559
567,512
773,994
81,687
93,870
410,786
612,934
940,916
715,722
809,910
666,133
315,725
862,227
483,747
702,528
234,718
934,721
768,6
380,94
557,451
234,605
700,100
337,978
946,325
86,54
852,165
812,918
926,18
243,842
650,546
511,333
984,564
635,692
851,891
165,934
535,621
165,357
675,61
433,214
388,883
281,157
661,648
675,68
905,15
795,750
762,538
443,11
940,901
620,135
464,645
127,54
160,152
518,230
0,454
243,864
584,29
453,766
264,353
672,335
888,566
786,835
95,414
172,996
177,154
417,774
441,298
749,743
756,226
996,508
130,445
68,451
772,930
165,732
85,677
746,587
228,284
246,897
858,291
959,746
980,522
52,846
37,469
423,286
279,710
9,38
356,163
205,443
498,334
62,164
249,439
911,500
407,829
545,156
52,851
884,465
267,250
528,608
392,222
414,303
507,878
452,374
667,707
231,64
79,802
399,524
228,794
496,541
610,552
438,207
923,266
234,428
826,544
771,105
635,597
51,275
920,759
657,370
986,536
832,700
598,480
77,249
451,359
236,472
754,987
997,839
784,207
380,241
644,24
548,122
935,125
428,481
751,124
604,469
137,125
554,74
719,737
608,442
189,985
976,466
307,298
350,648
599,211
490,713
379,416
726,961
988,710
764,473
52,595
498,327
755,767
335,628
432,923
120,47
598,937
52,659
48,81
814,636
774,780
882,539
633,890
90,720
398,593
85,9
972,135
390,593
487,648
710,539
963,722
216,676
91,443
114,441
364,67
913,906
895,128
698,271
713,958
694,865
677,614
229,839
837,111
74,463
547,458
172,399
371,274
673,52
564,205
448,189
776,648
356,331
679,179
113,844
436,119
879,528
953,845
862,348
492,376
838,979
369,651
894,905
895,513
535,620
454,646
706,507
509,505
89,29
258,898
159,658
997,230
26,427
578,643
445,525
412,325
560,187
366,468
819,124
754,451
435,166
644,493
389,790
412,371
19,448
756,833
90,593
217,180
982,139
625,466
326,252
67,9
207,129
86,519
140,40
685,964
274,806
462,993
13,503
840,235
15,207
623,997
769,579
235,966
969,186
486,680
499,287
124,183
98,634
285,259
704,892
231,979
762,791
558,283
131,224
167,478
298,389
450,119
628,69
240,628
894,120
549,954
553,4
465,986
682,278
894,378
218,581
531,123
976,643
235,977
20,952
834,745
19,7
382,109
837,5
554,28
394,656
365,584
343,276
425,757
326,571
601,852
330,788
260,717
858,327
143,984
834,262
608,942
285,803
935,546
621,355
149,676
723,865
983,561
215,946
779,699
218,477
650,448
351,982
415,230
746,665
251,510
861,570
194,132
48,423
299,539
340,878
135,971
422,924
128,464
804,698
501,911
547,443
766,357
612,159
591,303
388,704
799,956
104,639
814,153
671,851
513,792
647,240
359,339
341,679
26,426
853,950
426,47
164,339
962,418
803,836
519,889
832,995
150,635
78,179
866,783
109,974
792,952
185,709
264,307
84,427
16,932
133,164
449,438
278,752
791,764
676,396
350,835
331,623
959,651
89,723
260,161
812,242
317,878
157,473
862,454
75,655
333,376
820,587
755,668
545,712
356,326
387,101
106,712
624,957
620,561
749,612
217,361
166,854
120,890
846,571
280,805
889,337
689,21
62,973
14,744
868,291
105,377
366,933
773,710
136,604
254,200
852,300
704,462
437,972
210,965
466,865
821,974
432,551
437,50
412,84
649,650
942,876
693,457
506,840
994,232
81,409
754,242
317,79
953,589
632,227
584,90
763,49
277,2
470,131
944,815
496,722
298,51
954,603
257,976
607,247
955,597
977,977
883,57
110,579
657,352
598,848
418,185
500,559
887,892
598,690
987,375
895,179
736,358
110,702
287,714
821,976
981,385
271,987
112,785
165,220
892,891
473,591
217,648
304,113
551,395
715,364
378,916
259,580
701,798
241,525
946,407
292,943
531,621
866,33
913,513
446,101
727,377
798,96
901,303
962,87
54,997
151,891
998,457
598,65
125,690
285,314
544,640
273,484
599,530
60,596
782,271
199,37
948,614
637,0
117,163
678,397
836,153
471,949
256,400
944,73
22,800
907,223
227,132
557,86
103,314
496,371
243,366
305,782
797,113
942,384
819,598
948,962
11,887
477,390
169,324
227,198
585,986
573,981
364,976
810,816
57,550
896,802
666,307
154,470
848,688
152,142
457,560
254,424
852,945
211,339
654,166
917,779
86,297
785,256
792,323
418,820
303,126
327,268
701,145
295,704
733,7
542,480
171,85
741,25
732,149
129,418
765,470
161,890
633,116
716,369
522,898
677,524
270,331
839,330
232,985
722,706
650,506
606,647
623,437
608,1
556,759
523,643
194,999
55,833
965,436
635,584
429,926
181,835
329,18
209,840
246,410
792,746
426,423
768,258
863,513
267,195
508,714
812,762
374,34
330,271
276,5
365,796
350,138
277,723
325,771
317,605
227,768
755,145
966,777
217,771
230,797
969,451
169,439
75,714
113,419
461,295
687,938
563,240
45,996
396,287
145,44
933,92
196,662
968,740
959,667
795,597
816,559
40,479
36,914
627,910
62,562
610,905
310,22
917,288
204,514
100,970
380,929
625,185
863,877
255,507
470,335
755,445
623,864
478,128
897,84
204,130
369,485
225,583
434,27
782,173
744,679
536,444
566,825
216,886
934,855
615,159
659,119
439,727
806,165
282,446
543,788
390,119
310,969
600,894
704,41
751,836
94,81
762,791
798,311
878,798
647,592
194,42
468,44
471,249
45,498
777,268
745,336
630,955
288,416
133,597
224,321
182,892
103,779
64,578
357,648
928,495
286,483
798,951
594,347
651,265
498,351
848,206
264,482
90,758
450,806
502,382
178,281
574,325
409,301
939,689
980,893
892,397
570,281
982,261
537,678
360,940
765,867
98,872
472,976
628,620
688,306
127,550
146,545
317,4
909,472
541,293
408,961
285,604
459,451
635,982
500,829
220,771
445,561
616,310
182,701
852,433
673,318
0,674
766,341
250,24
964,977
351,64
137,67
532,803
581,493
413,21
340,645
120,859
85,355
104,584
928,6
821,208
620,108
620,89
960,611
838,117
200,611
17,522
477,155
634,378
29,813
728,688
287,831
93,27
198,141
588,410
236,665
95,958
155,143
444,28
447,442
843,970
655,295
820,728
627,597
381,929
720,726
555,115
277,132
920,788
15,592
891,818
22,427
881,534
515,59
367,334
711,605
931,586
969,757
33,992
11,364
399,601
760,659
690,510
110,980
680,22
222,655
13,854
551,24
948,227
414,285
212,568
230,47
218,115
794,969
146,519
99,928
777,650
192,289
58,362
737,370
424,535
378,344
111,55
591,77
34,945
809,806
577,725
151,831
370,712
440,574
715,140
833,161
923,293
877,363
661,261
965,586
489,43
860,677
189,886
935,163
523,717
935,200
710,293
350,52
499,361
919,345
922,162
654,284
701,217
420,817
177,228
415,772
979,223
316,534
864,474
641,484
777,277
51,998
205,632
450,630
943,825
863,299
342,619
663,327
388,576
975,972
465,117
985,294
302,162
221,487
977,816
187,24
719,434
568,644
111,656
78,68
766,790
874,351
364,115
429,359
559,989
145,288
499,669
18,659
292,756
696,43
411,963
653,127
638,839
580,908
51,19
215,732
497,906
206,675
243,633
930,186
732,862
928,988
671,898
525,50
415,908
352,354
960,35
657,803
137,747
713,525
535,521
307,539
773,412
791,593
463,343
416,658
826,509
310,548
34,665
456,739
314,529
492,142
666,861
771,461
248,403
537,495
920,404
650,210
554,388
214,258
107,932
587,71
492,694
528,450
725,109
768,472
291,973
211,5
29,165
872,912
641,330
344,60
806,921
737,421
859,99
993,646
450,197
632,381
942,420
650,972
332,321
736,139
634,65
204,947
193,645
181,389
515,302
617,777
587,527
265,570
956,106
591,625
115,121
21,93
340,829
62,609
515,900
579,319
593,205
425,740
716,790
228,213
918,604
130,147
580,855
794,415
154,79
15,226
729,110
23,513
44,110
606,363
582,571
874,615
723,297
183,382
101,525
854,165
877,377
706,510
991,873
512,484
35,647
454,435
884,352
589,483
181,912
695,605
184,865
631,347
730,515
424,283
672,412
314,628
225,850
349,352
404,513
522,170
598,121
328,935
117,438
730,371
707,699
200,189
829,248
981,12
746,359
779,475
449,228
811,622
333,825
210,34
3,237
78,668
390,525
7,62
536,696
229,292
784,52
576,972
211,124
799,977
868,336
606,44
733,46
720,369
310,706
602,291
228,696
368,469
621,532
799,303
241,919
476,49
129,487
691,397
652,839
410,208
26,233
165,666
631,34
934,343
805,637
752,830
93,938
64,87
684,106
351,679
324,495
736,948
860,556
915,246
355,323
717,470
295,393
264,994
530,702
838,586
598,455
498,603
167,645
956,190
423,603
712,545
487,731
883,531
497,217
805,74
118,688
988,482
919,281
534,700
674,69
557,982
267,764
81,868
996,132
781,214
600,724
823,751
610,171
983,564
509,733
497,313
896,764
468,910
467,16
684,886
111,255
516,354
46,729
277,722
649,14
534,364
435,590
474,394
865,236
871,747
297,970
190,940
571,243
85,503
296,171
401,980
448,895
103,344
207,468
705,880
893,261
914,494
198,132
877,306
289,74
44,230
144,936
588,140
65,575
782,802
644,774
425,478
613,554
916,540
486,129
186,396
531,990
854,36
55,695
742,438
366,779
213,222
126,171
835,512
306,962
279,631
686,903
236,119
835,436
881,643
216,336
819,160
887,648
699,154
81,551
85,370
833,344
435,864
560,203
352,442
719,404
234,523
850,554
709,627
753,734
201,619
813,98
222,29
959,53
335,477
471,680
430,754
877,908
798,341
467,372
559,631
83,439
924,811
102,295
309,332
938,71
400,347
350,465
556,734
121,405
904,506
868,874
970,38
974,479
646,941
756,367
159,381
175,569
535,373
174,410
927,664
743,2
538,399
280,82
404,412
352,63
220,61
467,52
763,209
469,886
837,622
649,368
576,570
912,19
172,780
929,182
560,711
478,240
762,865
336,570
757,891
75,233
589,692
147,97
914,122
806,326
904,287
573,304
15,375
426,967
487,261
910,623
482,169
503,508
583,227
289,897
872,898
128,945
547,415
779,883
423,814
104,50
974,603
277,272
137,173
225,387
439,368
83,496
980,451
751,419
188,638
513,687
832,908
453,6
159,627
757,599
595,542
544,672
156,860
649,879
891,231
371,410
1,902
457,504
814,631
964,96
663,359
695,784
300,417
217,65
149,271
113,509
416,625
791,897
824,410
340,120
801,871
527,957
267,103
685,929
451,949
191,527
662,660
935,235
847,760
372,738
642,584
729,620
118,861
993,376
110,560
679,404
291,844
294,792
832,737
516,196
732,287
614,200
79,585
846,755
689,556
50,64
38,601
477,217
142,907
839,405
109,308
819,890
269,787
236,818
365,143
403,109
243,175
6,355
970,529
540,532
14,238
687,554
509,615
365,690
367,77
650,925
898,110
87,423
468,723
930,292
349,28
389,545
152,940
820,863
594,122
246,612
366,306
391,871
621,265
381,654
421,546
450,287
493,478
211,133
88,583
886,247
599,247
182,986
848,141
401,569
795,502
95,244
831,37
558,591
719,215
801,203
342,276
870,803
577,102
51,674
728,687
774,11
235,999
12,119
124,404
23,480
863,811
858,919
450,205
456,456
919,620
413,872
781,683
904,322
376,379
408,746
89,727
840,107
727,83
9,831
24,439
467,314
191,321
339,530
417,951
352,371
645,595
754,108
273,901
230,551
94,689
742,744
996,277
390,136
971,751
191,366
196,625
431,480
153,98
681,459
343,374
905,425
26,36
100,493
972,731
833,825
853,457
736,334
697,722
318,914
930,203
559,666
759,985
175,20
164,274
955,174
220,771
208,720
784,316
718,959
176,897
163,239
917,366
513,739
888,96
783,430
780,766
528,140
814,239
666,40
861,79
328,698
776,658
604,82
249,16
550,380
4,359
737,33
40,320
748,392
472,436
132,68
490,524
394,454
242,67
905,545
650,677
97,96
568,465
463,258
762,431
489,871
545,402
426,421
28,495
100,494
490,273
568,425
947,260
207,251
264,149
839,181
110,5
729,326
261,640
464,574
856,490
630,40
946,260
523,88
98,973
425,746
967,410
54,377
108,671
149,308
257,211
994,612
591,308
761,540
673,99
159,388
30,525
637,0
642,528
479,687
736,119
152,290
724,92
214,700
950,352
218,590
491,155
316,645
495,18
448,638
499,983
415,999
814,37
716,441
772,54
735,580
192,461
571,138
59,703
887,498
93,61
589,320
881,568
896,875
208,992
504,623
79,840
188,753
704,153
476,686
376,772
927,896
617,637
397,30
584,177
586,792
130,949
544,437
393,94
118,245
141,840
233,780
549,111
501,351
273,817
434,905
227,201
121,321
133,692
703,243
171,866
291,30
406,712
493,129
296,750
359,610
34,230
545,535
539,147
346,505
136,45
756,766
743,680
565,929
828,222
304,701
390,874
74,274
549,202
373,837
618,372
55,522
457,824
871,996
656,585
782,986
345,197
107,125
109,524
287,726
147,563
301,73
446,658
219,159
156,270
986,336
773,509
887,764
990,234
308,918
809,568
272,242
440,317
356,192
767,948
165,24
914,647
690,54
70,982
76,799
605,711
839,386
599,446
213,836
310,343
135,875
216,368
917,578
290,59
633,128
302,26
392,208
104,961
421,125
818,832
693,8
157,508
313,97
729,886
642,994
104,519
882,423
813,290
808,546
730,112
763,11
348,947
497,578
318,631
281,638
24,87
17,477
650,126
717,707
54,819
849,404
417,639
24,782
144,969
394,814
152,875
395,706
69,681
659,210
11,735
779,97
605,3
969,16
502,404
773,686
572,100
491,911
262,359
594,709
922,714
433,349
236,467
486,148
692,311
408,968
467,507
696,319
39,751
798,413
669,8
280,740
195,707
241,52
383,484
443,709
87,950
287,296
302,430
860,138
517,820
324,190
995,804
219,65
403,172
871,510
560,180
39,914
434,692
153,528
225,433
764,207
867,699
881,516
219,399
16,609
891,660
896,848
683,89
744,391
488,175
648,211
613,932
148,906
911,372
862,610
276,331
912,83
55,116
323,296
923,702
846,4
155,261
619,900
284,190
231,345
947,762
40,49
785,553
594,934
550,974
605,847
537,406
332,559
748,812
793,566
765,448
467,785
329,644
55,351
313,248
622,720
141,517
662,514
291,862
298,502
522,388
745,949
97,999
466,749
928,60
151,471
397,664
579,499
294,255
720,141
497,242
621,302
351,885
705,20
743,817
268,885
514,290
44,377
702,518
687,330
177,306
422,252
96,151
322,476
938,163
220,35
142,157
5,279
766,442
597,212
293,446
5,110
791,265
956,107
620,202
796,776
567,389
963,190
820,368
206,200
562,228
82,580
597,232
743,357
285,764
610,260
920,475
37,730
301,311
461,830
194,215
856,735
367,443
468,752
193,814
459,398
236,397
649,64
364,425
513,558
522,599
821,855
591,536
855,91
352,233
889,508
907,375
5,346
372,346
212,154
763,990
164,471
305,212
23,523
825,972
366,875
798,902
307,595
393,1
144,831
588,377
400,959
924,951
490,861
391,302
692,18
212,359
795,531
434,350
550,379
512,331
265,380
867,13
709,4
67,409
952,370
202,381
565,386
590,204
546,354
721,162
131,522
279,347
663,439
107,776
160,43
450,764
318,256
111,19
92,911
241,485
793,982
350,321
816,831
793,408
941,230
804,196
658,350
200,742
100,519
350,269
897,291
248,909
920,437
62,309
274,570
111,635
112,235
368,149
172,957
531,832
646,698
834,930
239,254
106,967
56,368
918,573
560,971
588,502
733,440
401,378
768,484
134,370
118,168
83,422
982,51
570,143
987,518
623,198
456,318
670,665
331,95
253,905
652,538
74,140
647,866
415,732
555,152
63,162
564,464
811,70
170,683
985,5
798,775
585,42
348,389
45,415
770,736
47,672
231,228
718,580
94,943
775,115
635,837
587,835
454,461
634,992
506,600
494,647
109,247
106,876
953,31
792,257
820,0
962,819
105,390
930,335
745,231
975,227
908,869
369,961
187,750
588,886
754,53
908,170
241,400
563,983
121,841
626,62
150,517
295,635
875,767
730,63
530,299
246,275
624,267
738,240
878,145
688,203
443,906
503,767
91,791
578,704
827,947
213,904
604,913
77,391
574,734
85,419
20,525
355,455
806,633
545,973
661,322
104,976
152,423
619,244
14,527
543,83
189,25
235,583
85,342
670,711
190,347
666,144
60,268
182,918
550,47
961,457
246,604
42,505
842,237
751,180
293,832
377,46
190,1
230,994
289,772
370,464
963,834
783,314
656,960
915,883
240,701
693,966
566,86
837,584
982,730
740,847
591,489
417,357
970,619
953,58
38,188
628,777
676,497
494,411
820,727
849,881
321,867
940,592
138,410
480,104
163,645
11,559
31,522
873,474
416,426
344,36
7,856
845,52
72,915
289,69
591,426
764,254
880,859
526,723
549,825
218,559
138,848
894,392
176,68
746,154
623,20
994,394
383,812
874,464
21,887
519,223
120,411
512,737
881,756
678,172
996,149
924,591
208,784
898,158
962,452
875,4
169,135
445,571
431,369
871,68
984,61
701,661
305,995
439,726
336,157
511,419
389,573
157,474
95,402
186,598
914,715
502,569
11,515
53,985
966,940
306,511
885,610
187,935
447,263
286,212
345,171
822,804
941,455
614,596
977,970
476,28
183,272
153,269
558,132
649,790
942,454
760,395
850,999
534,778
385,222
26,831
116,973
253,743
893,697
627,556
900,456
7,995
464,277
328,612
456,918
377,315
613,495
270,891
410,426
954,942
921,835
210,755
944,645
912,209
19,410
376,860
505,93
889,485
446,764
931,573
670,922
322,467
845,711
217,620
703,361
332,466
743,684
634,64
246,251
51,819
365,119
592,46
542,516
809,520
606,785
444,646
495,380
272,998
513,743
910,232
427,291
506,658
77,909
116,820
458,825
239,195
712,111
207,551
330,275
925,328
902,697
14,918
917,686
970,362
412,635
550,503
341,819
391,74
613,933
968,632
399,988
61,781
546,249
933,383
173,721
668,237
817,581
330,730
276,587
741,391
939,753
408,823
274,735
853,893
720,133
938,396
307,293
929,913
635,233
372,668
753,586
189,691
966,313
685,759
488,661
797,25
192,577
692,645
580,238
506,810
395,39
663,39
782,272
930,524
652,417
94,43
215,73
637,352
564,716
856,961
50,94
404,58
335,912
203,729
600,283
332,396
726,561
272,714
922,149
908,694
382,161
106,71
566,754
809,119
939,339
81,863
382,545
759,300
634,605
704,870
69,200
923,369
84,697
316,654
800,923
429,414
808,161
578,889
987,333
491,581
103,83
789,261
201,468
14,180
802,972
79,317
445,38
625,181
237,737
986,869
438,155
319,16
909,666
55,220
967,870
313,301
113,122
766,985
410,662
167,616
683,135
851,827
843,112
969,769
536,396
651,249
346,622
143,948
764,773
351,535
412,794
213,931
658,777
203,322
271,639
771,575
570,370
185,302
303,491
172,797
697,285
683,570
218,63
955,491
979,818
221,637
311,632
203,888
921,920
169,66
908,646
498,897
625,76
679,976
436,840
644,272
600,553
838,126
110,643
713,595
822,712
343,453
418,133
263,938
166,296
380,383
322,106
888,50
787,786
944,141
384,978
55,138
173,948
36,757
793,77
778,277
206,574
243,196
302,45
478,491
812,741
810,139
459,261
949,494
664,787
339,324
699,571
210,843
657,204
279,469
97,506
144,88
518,103
176,748
862,692
748,742
307,452
328,642
168,915
678,912
999,542
92,6
738,453
578,635
363,400
539,97
766,9
394,306
597,721
620,356
85,201
631,972
39,596
16,246
243,568
675,741
526,366
470,554
413,137
350,65
524,540
385,462
153,650
976,298
57,22
45,446
295,322
826,797
911,120
967,141
436,332
391,794
725,797
571,399
539,840
892,459
370,555
832,544
816,169
818,388
620,718
188,221
522,228
446,204
540,672
642,293
169,209
628,192
149,590
737,355
78,577
758,217
129,585
76,739
489,282
981,742
301,578
521,718
143,170
272,496
351,367
858,867
197,598
289,161
927,639
395,225
431,462
309,42
959,971
91,937
152,707
714,258
690,900
992,590
687,910
48,978
318,240
4,711
718,891
19,530
295,914
811,849
886,756
310,838
269,478
758,172
78,334
344,643
652,600
176,296
606,698
473,17
591,417
907,191
457,598
324,68
951,561
641,237
895,864
371,934
590,153
321,209
151,876
899,983
895,361
58,118
714,722
924,596
440,794
258,469
848,118
380,670
154,689
221,517
693,107
748,788
229,242
706,452
377,264
865,715
517,924
296,96
539,205
353,228
637,44
797,100
606,901
85,471
773,651
54,461
654,381
289,788
612,270
888,471
16,471
219,175
929,543
951,924
822,283
130,948
336,992
880,648
310,648
182,327
157,235
679,725
210,403
60,135
634,508
484,269
316,881
212,165
824,621
171,62
949,161
648,489
520,106
125,662
501,640
478,963
88,561
314,780
792,493
965,525
482,816
289,314
798,861
631,455
780,714
824,688
477,119
377,996
586,189
205,104
278,398
634,993
30,520
181,755
566,431
373,330
655,645
579,133
871,334
691,659
474,670
881,786
816,789
486,968
184,318
194,603
288,861
247,84
181,295
284,277
680,876
888,348
341,493
32,831
539,243
124,251
498,545
629,607
516,847
177,240
34,212
571,248
237,770
42,794
398,495
952,575
50,413
979,598
782,533
445,323
757,655
429,940
194,942
105,743
232,639
568,334
118,43
243,467
305,639
111,571
450,238
432,44
291,548
201,84
566,31
825,983
401,853
483,378
783,630
54,294
664,298
562,758
926,617
457,6
169,511
293,142
421,874
872,519
222,384
649,645
740,20
176,200
814,584
933,265
560,864
684,674
584,817
906,151
675,674
117,674
91,195
915,54
738,682
562,526
980,964
156,398
981,408
553,644
122,361
944,342
684,191
445,304
826,618
557,604
968,720
843,548
266,975
554,545
105,121
462,131
22,406
284,596
708,286
693,176
263,261
29,313
729,775
989,899
750,610
228,119
125,957
558,259
120,608
131,5
854,8
539,0
898,813
319,278
907,849
595,540
924,381
340,706
691,529
818,491
985,655
794,494
893,342
5,64
847,25
475,100
155,687
321,254
722,29
415,916
455,711
992,901
14,688
194,743
616,851
568,591
789,639
20,199
213,44
106,555
807,254
430,881
373,495
385,236
60,86
984,661
114,901
35,273
663,893
480,205
148,262
448,996
456,884
311,515
667,122
41,678
922,859
108,201
281,110
527,519
303,957
683,530
867,907
476,887
604,746
535,319
563,901
407,544
806,433
425,489
183,869
569,937
45,305
738,255
793,834
992,553
366,960
902,190
579,917
128,549
407,423
911,920
586,721
114,21
451,564
394,847
684,38
335,433
388,745
485,561
168,221
94,769
753,982
953,603
998,217
965,888
305,876
81,760
958,648
351,323
191,716
804,228
440,145
868,327
625,469
801,833
432,567
380,186
328,141
167,603
767,511
23,233
598,505
542,808
957,574
474,739
394,161
370,452
417,865
329,608
113,625
977,529
416,131
456,738
495,895
431,816
481,747
555,680
693,571
630,934
603,60
370,50
994,61
439,271
196,928
768,463
812,558
490,142
533,493
816,466
49,803
312,61
143,657
258,646
605,690
758,846
235,395
5,53
255,927
534,354
691,184
541,567
126,968
4,922
257,413
146,199
754,163
884,799
748,308
907,337
803,792
666,506
170,922
227,417
552,436
887,606
959,462
775,865
262,745
935,174
652,335
389,191
543,558
92,71
510,206
305,946
20,197
551,899
518,34
397,203
740,587
370,820
526,539
240,291
388,19
536,2
373,732
684,467
402,474
963,611
830,156
906,346
131,940
586,761
911,875
346,228
348,731
434,65
965,569
664,3
318,800
683,491
669,302
572,287
513,83
496,43
71,785
373,584
681,23
689,585
953,478
380,512
672,308
654,642
297,618
502,833
809,959
292,30
472,414
676,828
367,298
248,827
379,302
156,562
358,850
383,941
879,79
50,839
420,170
818,361
647,930
989,894
581,662
233,111
493,342
111,266
346,860
217,654
229,552
133,369
151,92
283,447
235,560
953,730
908,453
610,301
595,315
180,437
309,354
246,716
68,44
68,15
738,117
594,19
861,396
610,867
37,448
209,555
647,541
659,20
708,503
203,40
732,809
670,31
679,780
345,874
306,416
301,106
23,268
709,117
965,934
869,512
842,742
264,146
105,625
789,767
695,225
8,565
841,28
282,928
446,563
339,80
51,735
560,620
147,102
531,379
832,541
55,773
633,690
197,989
545,524
926,54
991,577
179,80
408,735
265,994
985,780
671,402
595,789
461,107
181,643
999,2
94,410
935,154
169,234
932,150
831,293
383,922
636,285
88,473
556,480
212,412
837,536
393,51
869,653
178,843
229,89
807,901
524,923
959,580
642,24
911,174
803,114
162,692
396,749
765,310
700,988
551,701
431,586
165,557
17,883
285,516
55,88
921,742
485,482
397,713
325,508
830,531
568,37
609,722
373,701
654,119
887,867
143,241
537,105
470,938
758,402
563,759
739,394
118,715
193,420
206,914
352,52
984,192
158,19
133,393
977,442
183,315
228,165
628,187
944,679
204,379
11,458
955,923
945,70
792,174
919,894
528,953
494,740
767,835
883,951
83,518
972,77
961,315
218,247
530,574
766,930
770,513
215,827
902,893
96,61
246,87
227,958
473,83
914,230
820,488
398,792
304,993
596,686
406,934
497,640
704,697
539,217
407,988
123,15
737,667
837,873
738,821
704,995
290,13
603,878
400,988
426,42
176,973
625,776
916,529
420,967
396,456
357,549
547,10
551,484
959,899
492,153
651,524
53,483
289,600
396,393
331,619
239,716
270,497
41,434
363,347
98,207
247,869
477,281
464,154
448,280
462,118
919,501
495,273
391,651
919,142
487,315
133,27
636,776
217,640
278,49
968,116
121,611
800,285
906,781
47,771
19,134
152,116
930,213
700,737
221,997
106,390
514,220
860,782
74,220
233,700
64,823
876,398
311,345
996,307
701,210
366,609
603,148
123,352
163,16
96,423
76,480
419,280
943,577
602,901
751,18
210,686
548,347
707,195
258,753
804,584
216,393
35,10
630,496
786,366
97,507
618,57
123,810
623,583
404,595
454,734
743,95
555,682
999,680
61,256
440,928
94,409
212,512
206,683
444,408
650,447
790,236
804,244
399,152
562,738
723,124
790,663
299,70
841,121
837,353
11,950
435,530
925,169
412,209
845,611
603,940
138,996
945,7
943,507
291,311
283,847
117,322
532,316
137,431
110,141
671,85
846,91
397,700
11,259
310,635
831,190
306,951
135,783
985,794
718,291
127,333
830,526
70,163
832,112
998,609
31,981
98,704
939,518
94,46
598,244
995,683
196,656
479,92
541,166
187,748
330,342
713,818
14,337
255,319
21,234
867,898
261,701
603,850
91,602
11,617
689,938
195,473
296,443
137,173
46,977
621,666
925,250
278,688
267,280
689,602
262,774
25,364
377,96
422,494
52,628
0,939
154,570
59,391
147,240
522,571
199,81
272,43
612,201
973,11
422,914
582,811
912,408
354,914
913,830
95,199
20,642
121,417
976,682
512,354
190,886
541,27
758,118
403,181
501,981
752,175
122,411
71,137
46,189
26,745
216,144
477,316
144,322
550,556
960,854
66,929
689,618
820,535
373,555
53,794
5,172
413,932
77,919
77,609
570,983
371,787
656,766
138,46
409,224
882,436
567,846
221,647
914,823
486,503
591,536
764,490
135,231
739,43
731,545
238,224
245,941
985,976
483,279
272,922
480,773
126,148
672,617
226,159
951,766
17,253
433,573
17,34
218,880
651,424
27,95
315,863
985,658
190,626
860,244
163,635
551,564
23,817
409,616
818,518
4,579
91,965
527,984
791,672
923,951
757,602
627,847
895,384
458,263
162,14
426,600
299,706
602,382
702,869
549,199
625,602
62,133
420,447
3,350
335,0
867,518
702,909
486,561
7,703
669,638
359,145
453,804
92,404
280,384
363,144
282,922
122,723
325,155
539,494
427,447
381,107
927,161
147,907
897,390
220,40
374,998
199,910
840,479
149,258
40,15
167,619
987,191
718,944
396,979
583,331
21,513
276,221
257,252
218,291
656,185
506,890
164,322
770,283
722,211
883,845
5,281
453,411
280,762
120,736
443,202
510,918
806,888
18,861
722,978
653,588
261,857
601,855
509,277
454,664
421,434
222,184
95,738
326,739
59,864
941,495
131,482
848,454
674,588
83,276
304,908
561,744
558,295
584,147
680,598
902,3
307,455
315,8
980,326
822,68
562,278
801,857
36,158
456,779
9,146
180,921
193,178
360,512
873,478
625,800
153,178
59,461
962,938
187,675
167,840
474,347
765,14
714,25
107,703
707,400
838,804
138,534
418,981
809,129
95,803
134,501
700,21
914,383
219,340
895,98
970,781
612,169
672,832
155,178
463,335
404,169
770,225
962,349
40,524
42,981
129,57
580,363
705,972
647,744
100,330
805,767
808,609
429,57
192,969
862,585
825,630
665,759
398,965
731,475
59,565
343,695
297,913
968,913
200,248
464,699
185,411
78,133
530,636
360,160
795,905
156,71
662,457
155,498
391,820
965,740
241,171
684,534
987,110
470,894
640,515
856,944
504,162
399,414
552,532
229,762
604,570
679,154
409,272
32,839
758,470
521,380
283,723
458,14
726,543
145,419
166,466
520,279
48,212
566,499
57,741
946,858
590,202
136,670
491,530
125,714
77,630
136,170
994,476
661,781
704,385
687,8
387,810
596,138
50,399
105,197
706,532
782,16
524,663
789,80
587,787
522,196

